{
    "$schema": "https://schema.management.azure.com/schemas/2015-01-01/deploymentTemplate.json#",
    "contentVersion": "1.0.0.0",
    "parameters": {
        "sites_keepthingsweb_name": {
            "defaultValue": "keepthingswebinstallation",
            "type": "String"
        },
        "serverfarms_asp_Windows_centralus_0_name": {
            "defaultValue": "KeepThingsWeb",
            "type": "String"
        }
    },
    "variables": {},
    "resources": [
        {
            "type": "Microsoft.Web/serverfarms",
            "apiVersion": "2016-09-01",
            "name": "[parameters('serverfarms_asp_Windows_centralus_0_name')]",
            "location": "Central US",
            "sku": {
                "name": "F1",
                "tier": "Free",
                "size": "F1",
                "family": "F",
                "capacity": 0
            },
            "kind": "app",
            "properties": {
                "name": "[parameters('serverfarms_asp_Windows_centralus_0_name')]",
                "perSiteScaling": false,
                "reserved": false,
                "targetWorkerCount": 0,
                "targetWorkerSizeId": 0
            }
        },
        {
            "type": "Microsoft.Web/sites",
            "apiVersion": "2016-08-01",
            "name": "[parameters('sites_keepthingsweb_name')]",
            "location": "Central US",
            "dependsOn": [
                "[resourceId('Microsoft.Web/serverfarms', parameters('serverfarms_asp_Windows_centralus_0_name'))]"
            ],
            "tags": {
                "cli": "webapp_up"
            },
            "kind": "app",
            "properties": {
                "enabled": true,
                "hostNameSslStates": [
                    {
                        "name": "[concat(parameters('sites_keepthingsweb_name'), '.azurewebsites.net')]",
                        "sslState": "Disabled",
                        "hostType": "Standard"
                    },
                    {
                        "name": "[concat(parameters('sites_keepthingsweb_name'), '.scm.azurewebsites.net')]",
                        "sslState": "Disabled",
                        "hostType": "Repository"
                    }
                ],
                "serverFarmId": "[resourceId('Microsoft.Web/serverfarms', parameters('serverfarms_asp_Windows_centralus_0_name'))]",
                "reserved": false,
                "scmSiteAlsoStopped": false,
                "clientAffinityEnabled": true,
                "clientCertEnabled": false,
                "hostNamesDisabled": false,
                "containerSize": 0,
                "dailyMemoryTimeQuota": 0,
                "httpsOnly": false
            }
        },
        {
            "type": "Microsoft.Web/sites/config",
            "apiVersion": "2016-08-01",
            "name": "[concat(parameters('sites_keepthingsweb_name'), '/web')]",
            "location": "Central US",
            "dependsOn": [
                "[resourceId('Microsoft.Web/sites', parameters('sites_keepthingsweb_name'))]"
            ],
            "tags": {
                "cli": "webapp_up"
            },
            "properties": {
                "numberOfWorkers": 1,
                "defaultDocuments": [
                    "Default.htm",
                    "Default.html",
                    "Default.asp",
                    "index.htm",
                    "index.html",
                    "iisstart.htm",
                    "default.aspx",
                    "index.php",
                    "hostingstart.html"
                ],
                "netFrameworkVersion": "v4.0",
                "phpVersion": "5.6",
                "pythonVersion": "",
                "nodeVersion": "",
                "linuxFxVersion": "",
                "requestTracingEnabled": false,
                "remoteDebuggingEnabled": false,
                "remoteDebuggingVersion": "VS2017",
                "httpLoggingEnabled": true,
                "logsDirectorySizeLimit": 100,
                "detailedErrorLoggingEnabled": false,
                "publishingUsername": "$keepthingsweb",
                "scmType": "VSTSRM",
                "use32BitWorkerProcess": true,
                "webSocketsEnabled": false,
                "alwaysOn": false,
                "appCommandLine": "",
                "managedPipelineMode": "Integrated",
                "virtualApplications": [
                    {
                        "virtualPath": "/",
                        "physicalPath": "site\\wwwroot",
                        "preloadEnabled": false,
                        "virtualDirectories": null
                    }
                ],
                "winAuthAdminState": 0,
                "winAuthTenantState": 0,
                "customAppPoolIdentityAdminState": false,
                "customAppPoolIdentityTenantState": false,
                "loadBalancing": "LeastRequests",
                "routingRules": [],
                "experiments": {
                    "rampUpRules": []
                },
                "autoHealEnabled": false,
                "vnetName": "",
                "siteAuthEnabled": false,
                "siteAuthSettings": {
                    "enabled": null,
                    "unauthenticatedClientAction": null,
                    "tokenStoreEnabled": null,
                    "allowedExternalRedirectUrls": null,
                    "defaultProvider": null,
                    "clientId": null,
                    "clientSecret": null,
                    "clientSecretCertificateThumbprint": null,
                    "issuer": null,
                    "allowedAudiences": null,
                    "additionalLoginParams": null,
                    "isAadAutoProvisioned": false,
                    "googleClientId": null,
                    "googleClientSecret": null,
                    "googleOAuthScopes": null,
                    "facebookAppId": null,
                    "facebookAppSecret": null,
                    "facebookOAuthScopes": null,
                    "twitterConsumerKey": null,
                    "twitterConsumerSecret": null,
                    "microsoftAccountClientId": null,
                    "microsoftAccountClientSecret": null,
                    "microsoftAccountOAuthScopes": null
                },
                "cors": {
                    "allowedOrigins": [
                        "https://keepthingsapi.azurewebsites.net"
                    ],
                    "supportCredentials": false
                },
                "localMySqlEnabled": false,
                "http20Enabled": true,
                "minTlsVersion": "1.2",
                "ftpsState": "AllAllowed",
                "reservedInstanceCount": 0
            }
        },
        {
            "type": "Microsoft.Web/sites/deployments",
            "apiVersion": "2016-08-01",
            "name": "[concat(parameters('sites_keepthingsweb_name'), '/19aa00f27662454ca1584c4eb7673365')]",
            "location": "Central US",
            "dependsOn": [
                "[resourceId('Microsoft.Web/sites', parameters('sites_keepthingsweb_name'))]"
            ],
            "properties": {
                "id": "19aa00f27662454ca1584c4eb7673365",
                "status": 4,
                "author_email": "N/A",
                "author": "N/A",
                "deployer": "VSTS",
                "message": "{\"type\":\"deployment\",\"commitId\":\"0cf43b70548d92c7ff26858f41adcc9c5feff6ac\",\"buildId\":\"74\",\"releaseId\":\"22\",\"buildNumber\":\"20190528.1\",\"releaseName\":\"Release-22\",\"repoProvider\":\"GitHub\",\"repoName\":\"KeepThings/KeepThingsWeb\",\"collectionUrl\":\"https://smilingcompany.visualstudio.com/\",\"teamProject\":\"b3a6d760-a964-488a-9c7d-aa48acfbd441\",\"slotName\":\"production\"}",
                "start_time": "2019-05-28T21:05:57.211079Z",
                "end_time": "2019-05-28T21:05:57.3360757Z",
                "active": false
            }
        },
        {
            "type": "Microsoft.Web/sites/deployments",
            "apiVersion": "2016-08-01",
            "name": "[concat(parameters('sites_keepthingsweb_name'), '/209fb37c301f48f0b2fc3ce9119780c9')]",
            "location": "Central US",
            "dependsOn": [
                "[resourceId('Microsoft.Web/sites', parameters('sites_keepthingsweb_name'))]"
            ],
            "properties": {
                "id": "209fb37c301f48f0b2fc3ce9119780c9",
                "status": 4,
                "author_email": "N/A",
                "author": "N/A",
                "deployer": "VSTS",
                "message": "{\"type\":\"deployment\",\"commitId\":\"49ece6b1b6981324c63a04591544c15487fe739e\",\"buildId\":\"72\",\"releaseId\":\"20\",\"buildNumber\":\"20190527.4\",\"releaseName\":\"Release-20\",\"repoProvider\":\"GitHub\",\"repoName\":\"KeepThings/KeepThingsWeb\",\"collectionUrl\":\"https://smilingcompany.visualstudio.com/\",\"teamProject\":\"b3a6d760-a964-488a-9c7d-aa48acfbd441\",\"slotName\":\"production\"}",
                "start_time": "2019-05-27T20:59:13.3666273Z",
                "end_time": "2019-05-27T20:59:13.5072831Z",
                "active": false
            }
        },
        {
            "type": "Microsoft.Web/sites/deployments",
            "apiVersion": "2016-08-01",
            "name": "[concat(parameters('sites_keepthingsweb_name'), '/25025feed8194825a59d7b17c13e3873')]",
            "location": "Central US",
            "dependsOn": [
                "[resourceId('Microsoft.Web/sites', parameters('sites_keepthingsweb_name'))]"
            ],
            "properties": {
                "id": "25025feed8194825a59d7b17c13e3873",
                "status": 4,
                "author_email": "N/A",
                "author": "N/A",
                "deployer": "VSTS",
                "message": "{\"type\":\"deployment\",\"commitId\":\"e822843a76512fb083836449dfd64ece1e42fe7f\",\"buildId\":\"77\",\"releaseId\":\"25\",\"buildNumber\":\"20190528.4\",\"releaseName\":\"Release-25\",\"repoProvider\":\"GitHub\",\"repoName\":\"KeepThings/KeepThingsWeb\",\"collectionUrl\":\"https://smilingcompany.visualstudio.com/\",\"teamProject\":\"b3a6d760-a964-488a-9c7d-aa48acfbd441\",\"slotName\":\"production\"}",
                "start_time": "2019-05-28T22:41:55.5872594Z",
                "end_time": "2019-05-28T22:41:55.7435104Z",
                "active": false
            }
        },
        {
            "type": "Microsoft.Web/sites/deployments",
            "apiVersion": "2016-08-01",
            "name": "[concat(parameters('sites_keepthingsweb_name'), '/302de9b2c852493e8e66aea8383e4644')]",
            "location": "Central US",
            "dependsOn": [
                "[resourceId('Microsoft.Web/sites', parameters('sites_keepthingsweb_name'))]"
            ],
            "properties": {
                "id": "302de9b2c852493e8e66aea8383e4644",
                "status": 4,
                "author_email": "N/A",
                "author": "N/A",
                "deployer": "VSTS",
                "message": "{\"type\":\"deployment\",\"commitId\":\"9c5a32b816361895a7f20a78ce0e01208646e456\",\"buildId\":\"83\",\"releaseId\":\"29\",\"buildNumber\":\"20190604.3\",\"releaseName\":\"Release-29\",\"repoProvider\":\"GitHub\",\"repoName\":\"KeepThings/KeepThingsWeb\",\"collectionUrl\":\"https://smilingcompany.visualstudio.com/\",\"teamProject\":\"b3a6d760-a964-488a-9c7d-aa48acfbd441\",\"slotName\":\"production\"}",
                "start_time": "2019-06-04T18:35:58.6516112Z",
                "end_time": "2019-06-04T18:35:58.8245855Z",
                "active": true
            }
        },
        {
            "type": "Microsoft.Web/sites/deployments",
            "apiVersion": "2016-08-01",
            "name": "[concat(parameters('sites_keepthingsweb_name'), '/30ba15fc2bcb430b81df4c0e91bb28e9')]",
            "location": "Central US",
            "dependsOn": [
                "[resourceId('Microsoft.Web/sites', parameters('sites_keepthingsweb_name'))]"
            ],
            "properties": {
                "id": "30ba15fc2bcb430b81df4c0e91bb28e9",
                "status": 4,
                "author_email": "N/A",
                "author": "N/A",
                "deployer": "VSTS",
                "message": "{\"type\":\"deployment\",\"commitId\":\"8b81625414874341f927fb3c5c343d4025b5f281\",\"buildId\":\"76\",\"releaseId\":\"24\",\"buildNumber\":\"20190528.3\",\"releaseName\":\"Release-24\",\"repoProvider\":\"GitHub\",\"repoName\":\"KeepThings/KeepThingsWeb\",\"collectionUrl\":\"https://smilingcompany.visualstudio.com/\",\"teamProject\":\"b3a6d760-a964-488a-9c7d-aa48acfbd441\",\"slotName\":\"production\"}",
                "start_time": "2019-05-28T22:35:22.7278884Z",
                "end_time": "2019-05-28T22:35:22.8686875Z",
                "active": false
            }
        },
        {
            "type": "Microsoft.Web/sites/deployments",
            "apiVersion": "2016-08-01",
            "name": "[concat(parameters('sites_keepthingsweb_name'), '/49c32a23d30f4b44b2e4ca29287ca7d9')]",
            "location": "Central US",
            "dependsOn": [
                "[resourceId('Microsoft.Web/sites', parameters('sites_keepthingsweb_name'))]"
            ],
            "properties": {
                "id": "49c32a23d30f4b44b2e4ca29287ca7d9",
                "status": 4,
                "author_email": "N/A",
                "author": "N/A",
                "deployer": "VSTS",
                "message": "{\"type\":\"deployment\",\"commitId\":\"9c5a32b816361895a7f20a78ce0e01208646e456\",\"buildId\":\"82\",\"releaseId\":\"28\",\"buildNumber\":\"20190604.2\",\"releaseName\":\"Release-28\",\"repoProvider\":\"GitHub\",\"repoName\":\"KeepThings/KeepThingsWeb\",\"collectionUrl\":\"https://smilingcompany.visualstudio.com/\",\"teamProject\":\"b3a6d760-a964-488a-9c7d-aa48acfbd441\",\"slotName\":\"production\"}",
                "start_time": "2019-06-04T18:32:13.2190656Z",
                "end_time": "2019-06-04T18:32:13.4221854Z",
                "active": false
            }
        },
        {
            "type": "Microsoft.Web/sites/deployments",
            "apiVersion": "2016-08-01",
            "name": "[concat(parameters('sites_keepthingsweb_name'), '/9f7a073cf06047a98c6a0a166b6ed9f5')]",
            "location": "Central US",
            "dependsOn": [
                "[resourceId('Microsoft.Web/sites', parameters('sites_keepthingsweb_name'))]"
            ],
            "properties": {
                "id": "9f7a073cf06047a98c6a0a166b6ed9f5",
                "status": 4,
                "author_email": "N/A",
                "author": "N/A",
                "deployer": "VSTS",
                "message": "{\"type\":\"deployment\",\"commitId\":\"9c5a32b816361895a7f20a78ce0e01208646e456\",\"buildId\":\"81\",\"releaseId\":\"27\",\"buildNumber\":\"20190604.1\",\"releaseName\":\"Release-27\",\"repoProvider\":\"GitHub\",\"repoName\":\"KeepThings/KeepThingsWeb\",\"collectionUrl\":\"https://smilingcompany.visualstudio.com/\",\"teamProject\":\"b3a6d760-a964-488a-9c7d-aa48acfbd441\",\"slotName\":\"production\"}",
                "start_time": "2019-06-04T18:25:43.661557Z",
                "end_time": "2019-06-04T18:25:43.818484Z",
                "active": false
            }
        },
        {
            "type": "Microsoft.Web/sites/deployments",
            "apiVersion": "2016-08-01",
            "name": "[concat(parameters('sites_keepthingsweb_name'), '/b2771a848099489baf7523946f02e055')]",
            "location": "Central US",
            "dependsOn": [
                "[resourceId('Microsoft.Web/sites', parameters('sites_keepthingsweb_name'))]"
            ],
            "properties": {
                "id": "b2771a848099489baf7523946f02e055",
                "status": 4,
                "author_email": "N/A",
                "author": "N/A",
                "deployer": "VSTS",
                "message": "{\"type\":\"deployment\",\"commitId\":\"9c5a32b816361895a7f20a78ce0e01208646e456\",\"buildId\":\"78\",\"releaseId\":\"26\",\"buildNumber\":\"20190528.5\",\"releaseName\":\"Release-26\",\"repoProvider\":\"GitHub\",\"repoName\":\"KeepThings/KeepThingsWeb\",\"collectionUrl\":\"https://smilingcompany.visualstudio.com/\",\"teamProject\":\"b3a6d760-a964-488a-9c7d-aa48acfbd441\",\"slotName\":\"production\"}",
                "start_time": "2019-05-28T22:49:21.5279012Z",
                "end_time": "2019-05-28T22:49:21.6529223Z",
                "active": false
            }
        },
        {
            "type": "Microsoft.Web/sites/deployments",
            "apiVersion": "2016-08-01",
            "name": "[concat(parameters('sites_keepthingsweb_name'), '/c25c016d6f91444cb4f32d421297dc81')]",
            "location": "Central US",
            "dependsOn": [
                "[resourceId('Microsoft.Web/sites', parameters('sites_keepthingsweb_name'))]"
            ],
            "properties": {
                "id": "c25c016d6f91444cb4f32d421297dc81",
                "status": 4,
                "author_email": "N/A",
                "author": "N/A",
                "deployer": "VSTS",
                "message": "{\"type\":\"deployment\",\"commitId\":\"6a48fb13a35a18134ddb5b224c4b734f11d7c401\",\"buildId\":\"73\",\"releaseId\":\"21\",\"buildNumber\":\"20190527.5\",\"releaseName\":\"Release-21\",\"repoProvider\":\"GitHub\",\"repoName\":\"KeepThings/KeepThingsWeb\",\"collectionUrl\":\"https://smilingcompany.visualstudio.com/\",\"teamProject\":\"b3a6d760-a964-488a-9c7d-aa48acfbd441\",\"slotName\":\"production\"}",
                "start_time": "2019-05-27T22:08:29.021491Z",
                "end_time": "2019-05-27T22:08:29.1777406Z",
                "active": false
            }
        },
        {
            "type": "Microsoft.Web/sites/deployments",
            "apiVersion": "2016-08-01",
            "name": "[concat(parameters('sites_keepthingsweb_name'), '/c8e8ed1c83af425b8368e6080280e772')]",
            "location": "Central US",
            "dependsOn": [
                "[resourceId('Microsoft.Web/sites', parameters('sites_keepthingsweb_name'))]"
            ],
            "properties": {
                "id": "c8e8ed1c83af425b8368e6080280e772",
                "status": 4,
                "author_email": "N/A",
                "author": "N/A",
                "deployer": "VSTS",
                "message": "{\"type\":\"deployment\",\"commitId\":\"cc16e2f871f6160601c774cd33e3dc29fb7c879a\",\"buildId\":\"75\",\"releaseId\":\"23\",\"buildNumber\":\"20190528.2\",\"releaseName\":\"Release-23\",\"repoProvider\":\"GitHub\",\"repoName\":\"KeepThings/KeepThingsWeb\",\"collectionUrl\":\"https://smilingcompany.visualstudio.com/\",\"teamProject\":\"b3a6d760-a964-488a-9c7d-aa48acfbd441\",\"slotName\":\"production\"}",
                "start_time": "2019-05-28T21:16:35.3867069Z",
                "end_time": "2019-05-28T21:16:35.5117071Z",
                "active": false
            }
        },
        {
            "type": "Microsoft.Web/sites/hostNameBindings",
            "apiVersion": "2016-08-01",
            "name": "[concat(parameters('sites_keepthingsweb_name'), '/', parameters('sites_keepthingsweb_name'), '.azurewebsites.net')]",
            "location": "Central US",
            "dependsOn": [
                "[resourceId('Microsoft.Web/sites', parameters('sites_keepthingsweb_name'))]"
            ],
            "properties": {
                "siteName": "keepthingsweb",
                "hostNameType": "Verified"
            }
        }
    ]
}